id,title,price,image,category,description
1,GG4,89,https://images.leafly.com/flower-images/gg-4.jpg,Hybrid,"Original Glue (GG4), developed by GG Strains, is a potent hybrid strain that delivers heavy-handed euphoria and relaxation, leaving you feeling “glued” to the couch. Its chunky, resin-covered buds fill the room with pungent earthy and sour aromas inherited from its parent strains, Chem’s Sister, Sour Dubb, and Chocolate Diesel. Taking first place in both the Michigan and Los Angeles 2014 Cannabis Cups as well as the High Times Jamaican World Cup, this multiple award-winning hybrid's supremacy is no longer a secret, and consumers will search far and wide to get their hands sticky with Original Glue (GG4)."
2,Wedding Cake,73,https://images.leafly.com/flower-images/wedding-cake.jpg,Hybrid,"Wedding Cake is a potent indica-hybrid marijuana strain made by crossing Cherry Pie with Girl Scout Cookies. Wedding Cake provides relaxing and euphoric effects that calm the body and mind. This strain features a rich and tangy flavor profile with undertones of earthy pepper. Medical marijuana patients choose Wedding Cake to help relieve symptoms associated with pain, insomnia and appetite loss. Consumers with a low THC tolerance should enjoy this strain with an extra slice of care due to its high THC content. Wedding Cake has soared in popularity over the years and was named Leafly Strain of the Year in 2019. Fun fact: In Canada, this strain is known as Pink Cookies."
3,Runtz,86,https://images.leafly.com/flower-images/runtz-nug-image.jpg,Hybrid,"Runtz is a rare hybrid marijuana strain by Cookies. It's made by crossing Zkittlez with Gelato and is loved for its incredibly fruity flavor profile that smells just like a bag of the sugary candy we all know and love. Because of the rising popularity of this strain, it's no surprise Runtz was named Leafly Strain of the Year in 2020. Growers say this strain has resin-drenched buds that range in color from rich purple to lime green. Runtz is celebrated for its creamy smoke that is smooth and welcoming. This strain produces euphoric and uplifting effects that are known to be long-lasting."
4,Gelato,85,https://images.leafly.com/flower-images/gelato.jpg,Hybrid,"Gelato, aka Larry Bird, is a hybrid marijuana strain made by crossing Sunset Sherbet and Thin Mint Girl Scout Cookies. The effects of Gelato produce a euphoric high accompanied by strong feelings of relaxation. Consumers say the physical sensation comes on strong, but many find themselves still mentally agile enough to stay productive and creative during the day. Gelato gets its name from the fruity, dessert-like aroma it smells like. Novice consumers may want to approach this THC Powerhouse with caution, but those armed with a high THC tolerance will delight in the heavy-handed effects of this strain. Medical marijuana patients choose Gelato to help relieve symptoms associated with pain, fatigue, and insomnia. Growers say this strain produces buds that bloom in dark purple hues and is illuminated by fiery orange hairs and a shining white coat of crystal resin."
5,Blue Dream,62,https://images.leafly.com/flower-images/blue-dream.png,Hybrid,"Blue Dream is a sativa-dominant hybrid marijuana strain made by crossing Blueberry with Haze. Blue Dream produces a balancing high accompanied by full-body relaxation with gentle cerebral invigoration. Novice and veteran consumers alike enjoy the calming and euphoric effects that Blue Dream provides. Consumers also love the flavor - which smells and tastes just like sweet berries. Medical marijuana patients say Blue Dream delivers swift relief from symptoms associated with pain, depression, and nausea. Growers say this strain is best suited to the Sea of Green Method and has an average flowering time of 67 days. Fun Fact: Blue Dream originated in California and has achieved legendary status among West Coast strains."
6,Purple Punch,98,https://images.leafly.com/flower-images/purple-punch-fixed.jpg,Indica,"Purple Punch is the sweet and sedating union of two indica-dominant classics. By breeding Larry OG with Granddaddy Purple, the astonishing trichome laden Purple Punch was born, smelling of grape candy, blueberry muffins, and tart Kool-Aid. The potency of this strain gives the consumer a one-two punch to the head and body, initially landing between the eyes and settling down into the limbs. Purple Punch is a delicious dessert strain that is best suited for after dinner. Its effects may help with managing nausea, stress, minor body aches, and sleeplessness."
7,GSC,71,https://images.leafly.com/flower-images/gsc.png,Hybrid,"GSC, also called Girl Scout Cookies, is an indica-hybrid marijuana strain made by crossing OG Kush with Durban Poison. GSC produces euphoric effects followed by full-body relaxation. This strain typically features a high level of THC, so it is best reserved for consumers with a high THC tolerance. GSC is loved for its sweet and pungent flavor profile with notes of mint, cherry and lemon."
8,OG Kush,72,https://images.leafly.com/flower-images/og-kush.png,Hybrid,"OG Kush was first cultivated in Florida, in the early ‘90s when a strain from Northern California was crossed with a Hindu Kush plant from Amsterdam. The result was a hybrid with a unique terpene profile that boasts a complex aroma with notes of fuel, skunk, and spice. "
9,Sour Diesel,77,https://images.leafly.com/flower-images/sour-diesel.jpg,Sativa,"Sour Diesel, aka Sour D, is a sativa marijuana strain made by crossing Chemdawg and Super Skunk. Sour Diesel produces dreamy cerebral effects that are fast-acting and energizing. This strain features a pungent flavor profile that smells like diesel. Medical marijuana patients choose Sour Diesel to help relieve symptoms associated with depression, pain, and stress. Growers say this strain grows best in a dry, outdoor climate and has a flowering time of 77 days. Fun fact: Sour Diesel first became popular in the early 1990s and has been legendary ever since."
10,Sherbert,53,https://images.leafly.com/flower-images/sunset-sherbert.jpg,Hybrid,"Heir to the GSC throne is Sherbert, also known as Sherbet and/or Sunset Sherbert, an indica-leaning hybrid with intoxicatingly potent effects. Bred by Mr. Sherbinski, Sherbert inherits the genetic lineage of its GSC parent, whose ancestors include the famed OG Kush, Cherry Pie, and Durban Poison. Crossed with Pink Panties, Sherbert exhibits powerful full-body effects elevated by a jolt of cerebral energy. A complex aroma colors Sherbert with notes of skunky citrus, sweet berry, and that candy-like smell redolent of its GSC parent. Stress, tension, and sour moods melt away with the carefree mindset and physical relaxation that comes with this rich hybrid."
11,Granddaddy Purple,73,https://images.leafly.com/flower-images/granddaddy-purple.png,Indica,"Introduced in 2003 by Ken Estes, Granddaddy Purple (or GDP) is a famous indica cross of Purple Urkle and Big Bud. This California staple inherits a complex grape and berry aroma from its Purple Urkle parent, while Big Bud passes on its oversized, compact bud structure. GDP flowers bloom in shades of deep purple, a contrasting backdrop for its snow-like dusting of white crystal resin."
12,Do-Si-Dos,67,https://images.leafly.com/flower-images/do-si-dos.jpg,Indica,"Do-Si-Dos is an indica-dominant hybrid marijuana strain with qualities similar to its parent, OGKB, a GSC-phenotype. With glittering trichomes, bright pistils, and lime green and lavender leaves, this strain is a feast for eyes. Its aroma is pungent, sweet, and earthy with slight floral funkiness. These classic OG aromas blend nicely with medical-grade body effects that lean toward the sedative side with the addition of Face Off OG genetics. Enjoy a stoney, in-your-face buzz off the start that melts down over the body, prettifying the consumer with relaxation that emanates outward. "
13,Jack Herer,79,https://images.leafly.com/flower-images/jack-herer.jpg,Sativa,"Jack Herer is a sativa-dominant cannabis strain that has gained as much renown as its namesake, the marijuana activist and author of The Emperor Wears No Clothes. Combining a Haze hybrid with a Northern Lights #5 and Shiva Skunk cross, Sensi Seeds created Jack Herer hoping to capture both cerebral elevation and heavy resin production. Its rich genetic background gives rise to several different variations of Jack Herer, each phenotype bearing its own unique features and effects. However, consumers typically describe this 55% sativa hybrid as blissful, clear-headed, and creative."
14,White Widow,97,https://images.leafly.com/flower-images/white-widow.png,Hybrid,"Among the most famous strains worldwide is White Widow, a balanced hybrid first bred in the Netherlands by Green House Seeds. A cross between a Brazilian sativa landrace and a resin-heavy South Indian indica,  White Widow has blessed every Dutch coffee shop menu since its birth in the 1990s. Its buds are white with crystal resin, warning you of the potent effects to come. A powerful burst of euphoria and energy breaks through immediately, stimulating both conversation and creativity. White Widow’s genetics have given rise to many other legends like White Russian, White Rhino, and Blue Widow. Still, many growers prefer cultivation of the original White Widow, which flowers in about 60 days indoors."
15,Pineapple Express,90,https://images.leafly.com/flower-images/pineapple-express.png,Hybrid,"Pineapple Express combines the potent and flavorful forces of parent strains Trainwreck and Hawaiian. The smell is likened to fresh apple and mango, with a taste of pineapple, pine, and cedar. This hard-hitting hybrid provides a long-lasting energetic buzz perfect for productive afternoons and creative escapes."
16,Green Crack,67,https://images.leafly.com/flower-images/green-crack.png,Sativa,"Green Crack is a potent sativa strain known for its energizing effects. But don’t let the name fool you: this is pure cannabis. Few strains compare to Green Crack’s sharp energy and focus as it induces an invigorating mental buzz that keeps you going throughout the day. With a tangy, fruity flavor redolent of mango, Green Crack is a great daytime strain that may help consumers fight fatigue, stress, and depression. Because the name ""Green Crack"" perpetuates a negative image of cannabis, some people have taken to calling this strain Cush (with a ‘C’) or Green Cush instead."
17,Bubba Kush,100,https://images.leafly.com/flower-images/bubba-kush.png,Indica,"Bubba Kush is an indica strain that has gained notoriety in the US and beyond for its heavy tranquilizing effects. Sweet hashish flavors with subtle notes of chocolate and coffee come through on the exhale, delighting the palate as powerful relaxation takes over. From head to toe, muscles ease with heaviness as dreamy euphoria blankets the mind, crushing stress while bringing happy moods. Bubba Kush exhibits a distinctive, bulky bud structure with hues that range from forest green to pale purple."
18,Northern Lights,92,https://images.leafly.com/flower-images/northern-lights.png,Indica,"Northern Lights is an indica marijuana strain made by crossing Afghani with Thai. Northern Lights produces euphoric effects that settle in firmly throughout the body, relaxing muscles and easing the mind. Consumers say this strain has a pungently sweet and spicy flavor profile that is smooth on the exhale. Medical marijuana patients choose Northern Lights to help relieve symptoms associated with depression, stress, pain and insomnia. Growers say this strain features purple and crystal-coated buds and grows best indoors with a flowering time of 45-50 days."
19,Durban Poison,91,https://images.leafly.com/flower-images/durban-poison.jpg,Sativa,"This pure sativa originates from the South African port city of Durban. It has gained popularity worldwide for its sweet smell and energetic, uplifting effects. Durban Poison is the perfect strain to help you stay productive through a busy day, when exploring the outdoors, or to lend a spark of creativity. Growers and concentrate enthusiasts will both enjoy the over-sized resin glands which make this strain a quality choice for concentrate extraction. The buds are round and chunky, and leave a thick coating of trichomes on almost all areas of the plant."
20,Cherry Pie,84,https://images.leafly.com/flower-images/cherry-pie.jpg,Hybrid,"Cherry Pie's parents are Granddaddy Purple and Durban Poison. With buds that are dense and full of orange hairs and a touch of purple, this hybrid strain smells of sweet and sour cherry pie. The effects have been known to come on in minutes and stick around for a couple hours. "
21,Strawberry Cough,74,https://images.leafly.com/flower-images/strawberry-cough.png,Sativa,"Known for its sweet smell of fresh strawberries and an expanding sensation that can make even the most seasoned consumer cough, Strawberry Cough is a potent sativa marijuana strain with mysterious genetic origins. However, Strawberry Cough is thought to be a cross of Strawberry Fields. The skunky, berry flavors will capture your senses while the cerebral, uplifting effects provide an aura of euphoria that is sure to leave a smile on your face. Strawberry Cough is a great solution in times of elevated stress. "
22,Trainwreck,64,https://images.leafly.com/flower-images/trainwreck.png,Hybrid,"Trainwreck is a mind-bending, potent sativa with effects that hit like a freight train. Mexican and Thai sativas were bred with Afghani indicas to produce this Northern California staple, passing on a sweet lemon and spicy pine aroma. Trainwreck begins its speedy hurtle through the mind with a surge of euphoria, awakening creativity and happiness. Migraines, pain, and arthritis are mowed down by Trainwreck’s high-THC content, and many patients also use it for relief of anxiety, ADD/ADHD, and PTSD. Trainwreck flowers tend to finish early when growing outdoors, while indoor gardens are ready for harvest after 8 weeks."
23,Cookies and Cream,79,https://images.leafly.com/flower-images/WYY8ukOLRAuW8pdX2fVr_COOKIES%20&%20CREAM-181-edited.jpg,Hybrid,"Bred by Exotic Genetix, Cookies and Cream is a hybrid cross between Starfighter and an undisclosed GSC phenotype. This sweet-tasting variety provides long-lasting relief for patients treating symptoms throughout the day, but high doses can induce an early night’s sleep. Cookies and Cream took first place in the hybrid category of the 2014 Denver Cannabis Cup."
24,Blueberry,57,https://images.leafly.com/flower-images/blueberry.jpg,Indica,"Blueberry is an indica marijuana strain made by crossing Purple Thai with Thai. A true A-List cannabis strain, Blueberry’s legendary status soared to new heights after claiming the High Times’ Cannabis Cup 2000 for Best indica. The long history of the strain goes back to the late 1970s when American breeder DJ Short was working with a variety of exotic landrace strains. However, throughout the decades of Blueberry’s cultivation, the genetics have been passed around, due in large part to DJ Short working with multiple seed banks and breeders. The sweet flavors of fresh blueberries combine with relaxing effects to produce a long-lasting sense of euphoria. Many consumers utilize Blueberry to help contend with pain and stress, while connoisseurs and growers admire the strain for its colorful hues and high THC content."
25,Super Lemon Haze,98,https://images.leafly.com/flower-images/super-lemon-haze.jpg,Sativa,"Super Lemon Haze is a sativa-dominant hybrid of Lemon Skunk and Super Silver Haze and two time Cannabis Cup winner from Green House Seeds. Super Lemon Haze is a kief-caked multi-colored wonder. As the name states this strain has real lemony characteristics. The smell is zesty, citrusy, and a little sweet. As for the taste, it's everything one would expect from the namesake; tart and sweet like lemonheads candy - not quite as sharp as one might expect. The effects are uniquely energetic and lively, may not be the best strain for those of us that are naturally wound-up tight."
26,Animal Cookies,94,https://images.leafly.com/flower-images/xpdL6Nq9SGu0zjD2aNQf_ANIMAL%20COOKIES-337-edited.jpg,Hybrid,"Animal Cookies is a hybrid marijuana strain made by crossing two legendary strains, GSC and Fire OG. This clone-only strain flowers in 9-10 weeks and grows dense, frosty green buds tipped with purple. True to its name, Animal Cookies has a sweet, sour aroma with heavy full-body effects that will impress any veteran consumer. This potent medicine might be overkill for mild symptoms, but its ability to obliterate severe pain and insomnia is unprecedented."
27,Grape Ape,89,https://images.leafly.com/flower-images/grape-ape.jpg,Indica,"Grape Ape, propagated by Apothecary Genetics and Barney’s Farm, is a mostly indica strain that crosses Mendocino Purps, Skunk, and Afghani. Named for its distinct grape-like smell, this indica is known for providing carefree relaxation that can help soothe pain, stress, and anxiety. Its dense, compact buds are wreathed in deep purple leaves which darken as this indica reaches full maturation following its 7 to 8 week flowering time."
28,Candyland,56,https://images.leafly.com/flower-images/candyland.jpg,Sativa,"Candyland is a sativa marijuana strain bred from Granddaddy Purple and Bay Platinum Cookies. Golden hairs weave through Candyland’s thick coat of sugar-like trichomes and highlight the compact, camouflage-colored buds. This strain grows well indoors and out, and patients turn to Candyland when trying to moderate pain, muscle tension, and sour moods. Candyland offers uplifting and stimulating effects, making it a perfect strain for social gatherings or creative pastimes."
29,Super Silver Haze,58,https://images.leafly.com/flower-images/super-silver-haze.png,Sativa,"Super Silver Haze is a sativa marijuana strain bred by Green House Seeds. It was the first prize winner at the High Times Cannabis Cup in 1997, 1998, and 1999. Super Silver Haze is made by crossing Skunk, Northern Lights, and Haze creates a beautiful, sticky strain that boasts an energetic, long-lasting body high. The uplifting effects are a great for high stress levels or when suffering from a lack of appetite or nausea."
30,White Fire OG,100,https://images.leafly.com/flower-images/flMvWRExSXSewuwawFG6_WHITE%20FIRE-358-edited.jpg,Hybrid,"White Fire OG (also known as WiFi OG or simply WiFi) is a hybrid marijuana strain known for its uplifting and cerebral effects. White Fire OG is made by crossing Fire OG and The White. This strain features notable aromas that are sour and earthy. Consumers say that White Fire OG is ideal for social and cretive activities without leaving you drowsy. One Leafly user notes ""WiFi OG is probably my number one strain. It helps massively with my anxiety. It's a very energetic and bubbly high for me."" Medical marijuana patients choose this strain to treat anxiety, depression, cancer, glaucoma, pain and appetite loss. The appearance of this strain resembles a dusty snowfall of crystals. According to growers, many phenotypes of White Fire OG exist, some with dense, barrel-like buds and others with pointed, conic formations. Growers of White Fire OG can raise their high-yielding plants indoor or outdoors with a 65-day flowering period."
31,Tahoe OG,51,https://images.leafly.com/flower-images/wh5SjmW4RsmLzoNbvJAj_TAHOE%20OG-292-edited.jpg,Hybrid,"Tahoe OG is the perfect rainy day strain. Strong and fast-acting, you may not want to use this strain when you’re planning to leave the house. Great for those suffering from insomnia, pain, or lack of appetite, Tahoe OG has made a name for itself among other indicas. A top nighttime strain, it provides an extremely lazy, heavy body sensation. Due to superb breeding, Tahoe OG embodies all of the typical indica effects with an added euphoric, sativa-like kick. This strain features an earthy, lemon taste, and is a phenotype of OG Kush. Maturing at around 10 weeks, Tahoe OG is a must-try for those looking for a great night’s sleep."
32,Platinum Cookies,97,https://images.leafly.com/flower-images/platinum-gsc.jpg,Hybrid,"Platinum Cookies is a popular hybrid marijuana strain and the next evolution of GSC - Platinum GSC, formerly known as Platinum Girl Scout Cookies. This Cup-winning hybrid—a cross of OG Kush, Durban Poison, and a third unknown strain—fills your nose and lungs with sweet notes of berry and candy, followed by a fruity spiciness. Patients with severe pain, nausea, swelling, migraines, and stress should look no further for relief as symptoms both physical and mood-related melt away instantly. The Platinum GSC strain flaunts a heavy coat of crystal trichomes over its sage green leaves, assuring its potency to any consumer in doubt."
33,Thin Mint GSC,98,https://images.leafly.com/flower-images/i7NqIuuQRd2ZQQ89VFbg_THIN%20MINT-207-edited.jpg,Hybrid,"Thin Mint, a hybrid cross containing Durban Poison and OG Kush genetics, is a phenotype of the legendary GSC strain. Dark green and royal purple hues peek through a heavy coat of crystals, with a sweet minty smell that gives a full explanation of this strain’s name. Thin Mint calls upon the powers of its indica, sativa, and hybrid ancestors for a powerful full-body effect that gives this strain its sterling reputation. The high psychoactivity of this strain is not for novice consumers, but patients with a variety of symptoms are giving Thin Mint their seal of approval: severe pain, nausea, swelling, insomnia, and appetite loss are no match for the potency of Thin Mint."
34,Cookies Kush,72,https://images.leafly.com/flower-images/eZUymXkCSXuiM2oElpRa_COOKIES%20KUSH-349-edited%20(1).jpg,Indica,"Cookies Kush from Barney's Coffeeshop combines GSC with the Rolex phenotype of OG Kush, resulting in a potent indica worthy of 1st place in High Times' 2014 Amsterdam Cannabis Cup in the ""Best Coffeeshop Strain"" category."
35,Purple Kush,84,https://images.leafly.com/flower-images/purple-kush.jpg,Indica,"Purple Kush is a pure indica strain that emerged from the Oakland area of California as the result of crossing Hindu Kush and Purple Afghani. Its aroma is subtle and earthy with sweet overtones typical of Kush varieties. Blissful, long-lasting euphoria blankets the mind while physical relaxation rids the body of pain, sleeplessness, and stress. Purple Kush will grow wide rather than tall, and will be ready for harvest following an 8-week flowering time."
36,Mango Kush,56,https://images.leafly.com/flower-images/mango-kush.jpg,Hybrid,"The Mango Kush marijuana strain tastes similar to the actual mango fruit, with a distinct kush flavor and hints of pine on the exhale. Its buds are covered with orange pistils and are described as very dense. The plant has an average growth height of 4-5 feet. Flowering is 9-11 weeks and is a favorite with both indoor and outdoor growers. The buds have thick shiny trichomes which are evident when the bud is broken apart. The smell and taste are the same and described as mango and banana. "
37,Orange Cookies,90,https://images.leafly.com/flower-images/qjyKHW2TqXlzjGJyJoMA_ORANGE%20COOKIES-191-edited.jpg,Hybrid,"Orange Cookies bred by Franchise Genetics is a hybrid that combines Orange Juice with the renowned GSC. A flavor-packed strain, Orange Cookies expresses itself with a strong aroma of sweet citrus that closely resembles a fresh tangerine. The flavors of Orange Cookies gives way to deep calming body effects that mingle with a euphoric cerebral buzz to leave you happy and relaxed."
38,Papaya,70,https://images.leafly.com/flower-images/BWnS6paT7mvEG0e4WMHw_PAPAYA-370-edited.jpg,Indica,"Papaya is an indica-dominant hybrid cannabis strain that is known for producing a mental calmness, though many consumers also find that this strain makes them energetic and productive. Nirvana Seeds bred this to be their take on a Mango strain and crossed Citral #13 with Ice #2 to make their own fruit. They met their own challenge and Papaya smells uncannily like its namesake. The taste is similar to its tropical fruit counterpart, but a spicy, peppery side also becomes apparent. The plants stay fairly short and thin, producing lots of fluffy buds with papaya-orange hairs in 8 or 9 weeks."
39,Cheese,81,https://images.leafly.com/flower-images/cheese.png,Hybrid,"Named for its sharply sour aroma, Cheese is an indica-dominant hybrid from the U.K. that has achieved widespread popularity for its unique flavor and consistent potency. With origins that stretch back to the late 1980s, Cheese is said to descend from a Skunk #1 phenotype whose pungent aroma made it stand out. Breeders like Big Buddha Seeds later introduced Afghani indica genetics to increase Cheese’s trichome production and yields. The resulting strain is now well-known for its relaxed, happy effects that gently ease you into a blissful state of mind."
40,Lemon Cake,78,https://images.leafly.com/flower-images/lemon-cake.jpg,Sativa,"Lemon Cake by Heavyweight Seeds is a potent sativa-dominant strain with sweet and musky aromas. Also known as Lemon Pound Cake and Lemon Cheesecake, Lemon Cake is a cross of Lemon Skunk and a “dangerously powerful Cheese,” according to Heavyweight. With a 9-10 week flowering time, squat morphology, and abundant yield, Lemon Cake is kind to growers, especially those outdoors. This strain emits a pungent citrus aroma with a musky Cheese undertone. Heavyweight Seeds recommends consuming this strain to combat stress, loss of appetite, and minor physical discomfort."
41,Lemon Kush,57,https://images.leafly.com/flower-images/lemon-kush.jpg,Hybrid,"The general consensus surrounding Lemon Kush is that is a cross between Master Kush and Lemon Joy. However, breeder specific variations exist. Alien Genetics, for example, explains their Lemon Kush as a hybrid between Lemon G, a prized strain from Ohio, and an Afghan Kush. The genetics are the only area of dispute as everyone will agree that the sweet flavors of lemon and citrus mix exceptionally well with the earthy kush undertones. The light green buds are covered in a white frosting of trichomes and provide uplifting and creative effects. Lemon Kush is the perfect solution for when the stresses of life have you feeling sour."
42,9 lb Hammer,69,https://images.leafly.com/flower-images/9-pound-hammer.jpg,Indica,"9 Pound Hammer is an indica created by JinxProof Genetics that crosses Gooberry, Hells OG, and Jack the Ripper. These dense buds are coated in resin, offering sweet grape and lime flavors. 9 Pound Hammer hosts a terpene profile abundant in myrcene, pinene, and caryophyllene with THC levels ranging between 17-21%. Effects can be heavy and long-lasting, making this strain useful for pain and stress relief. Best grown indoors, 9 Pound Hammer flowers between 50-60 days and will deliver high yields."
43,God's Gift,54,https://images.leafly.com/flower-images/z8wRmqFPQcOrn4aDu9Vv_GOD'S%20GIFT-234-edited.jpg,Indica,"A strain that became popular in California dispensaries in 2005, God's Gift contains flavors of grape, citrus, and hash. Its parents are Granddaddy Purple and OG Kush. No matter what your belief system, this strain is a ""gift"" with its dreamy, blissful effects. Its flowering time usually takes approximately 8-9 weeks."
44,Lemon OG,65,https://images.leafly.com/flower-images/LEMON-OG-051-2.jpg,Hybrid,"What this skunky indica lacks in longevity it makes up for in speed. A cross between the mythical Las Vegas Lemon Skunk and The OG #18, Lemon OG provides users with a quick-acting sleepy head sensation. While Lemon OG has inherited a skunky aroma from its kush relatives, this particular strain is mild tasting and pleasant smelling with fruity undertones. Lemon OG tends to feel more psychoactive than other members of the kush family, but still offers a heavy, medicated feel. The strain is great for stress relief and increasing appetite. These plants usually flower in 8-10 weeks."
45,True OG,67,https://images.leafly.com/flower-images/true-og.jpg,Indica,"True OG is a popular indica marijuana strain bred with genetics from OG Kush. This strain was originally discovered in Southern California, where the term “OG” originally meant “ocean grown.” True OG is potent, with long-lasting effects combined with a more focused head high. True OG buds have a pungent, crisp citrus and pine scent. True OG has snagged the 2nd place indica spot in every High Times Medical Cup since 2010. Medical marijuana patients choose this strain to help relieve symptoms associated with chronic pain."
46,White Tahoe Cookies,81,https://images.leafly.com/flower-images/white-tahoe-cookies.jpg,Indica,"White Tahoe Cookies is an indica marijuana strain made by crossing The White, Tahoe OG, and an unknown Girl Scout Cookies cut. This strain exemplifies attributes of each in trichome coverage, effect, and aroma. The GSC bouquet has been enhanced through this cross, offering up sweet, hashy notes with distant OG undertones. Its restful effects pile on with each hit, weighing the consumer to their seat while alleviating minor pain and anxiety."
47,Acapulco Gold,97,https://images.leafly.com/flower-images/acapulco.jpg,Sativa,"Acapulco Gold is a rare sativa marijuana strain. As one of the most well-known strains, Acapulco Gold has been likened to dinner at a five-star restaurant. This strain produces effects that are motivating and energizing. This strain comes from the area in and around Acapulco, Mexico, and its orange hairs resemble a gold nugget, with gold, green, and brown colors and plenty of resin on the buds. An aroma of burnt toffee lingers when the bud is broken up. Acapulco Gold has a reputation for being one of the best cannabis strains ever created, and it's becoming more difficult to find. "
48,Chocolope,60,https://images.leafly.com/flower-images/o4MhnTW2QK2LicV68uiY_CHOCOLOPE-212-edited.jpg,Sativa,"Chocolope is a sativa marijuana strain made by crossing Chocolate Thai with Cannalope Haze. The result is a delicious homage to the chocolate strains that were popular in the 1980s. Chocolope's hefty buds give earthy, sweet coffee flavors that provide a dreamy, cerebral effect. Consumers report a strong, euphoric mental shift that is great when coping with depression or stress."
49,Sour Tangie,57,https://images.leafly.com/flower-images/sour-tangie.jpg,Sativa,"DNA Genetics’ Sour Tangie is an 80% sativa cross between East Coast Sour Diesel and Tangie. Sour Tangie brings together the classic Sour Diesel aroma with Tangie’s creative, elevating buzz and strong citrus overtones. This sativa has two different phenotypes that express either Sour Diesel or Tangie bud structures and effects. Sour Tangie grows quickly in its vegetative cycle and finishes flowering in 9 to 10 weeks indoors."
50,Blue Diesel,53,https://images.leafly.com/flower-images/blue-diesel.jpg,Hybrid,"Blue Diesel is a hybrid marijuana strain made by crossing Blueberry and NYC Diesel. This strain, sometimes known as Blue City Diesel, produces a pleasant, moderate to long-lasting body buzz. Thanks to its Blueberry genetics, this flower emanates a light berry aroma that is smooth, expansive, and fast-acting. This strain is optimal for daytime and comes with little to no fatigue or increased appetite, making it a desirable option for medical marijuana patients. Originally produced by Breeder’s Choice, this plant may provide just the relaxation you need."
51,Animal Mints,67,https://leafly-public.imgix.net/strains/photos/IaYQshrPTxiD2BOWHO1n_AnimalMints.png,Hybrid,"Animal Mints is a hybrid marijuana strain made by crossing Animal Cookies with Blue Power and GSC. Animal Mints produces a strong body and head high, making it ideal for after work and evening use. This strain features a sweet, pungent aroma that is minty on the exhale. Growers say Animal Mints has bright green and brown buds with only a dusting of frost. Medical marijuana patients choose this strain to help relieve symptoms associated with stress."
52,Orange Creamsicle,78,https://images.leafly.com/flower-images/orange-creamsicle.jpg,Hybrid,"Taking the best attributes of parent strains Orange Crush and Juicy Fruit, Orange Creamsicle’s tall structure, heavy colas, and pungent flavor will be sure to keep you coming back for more. This hybrid strain, as the name suggests, has a strong citrus flavor and is used to treat nausea and anxiety. Growers will be happy with this heavy producer that flowers in 9 weeks with beautiful orange-white coloring and a thick coating of resin."
53,Haze,83,https://images.leafly.com/flower-images/haze.png,Sativa,"Haze is a sativa marijuana strain. This strain provides high-energy and creative effects. Haze first took root in Santa Cruz, California during the 1960s where long growing seasons accommodated her lengthy flowering cycle. Since then, Haze has become the proud parent of countless hybrids around the globe, passing on its genetics from Colombia, Mexico, Thailand, and South India. Haze's aroma is typically characterized by a spicy scent accented by hints of citrus and earthy sweetness. "
54,Amnesia,99,https://images.leafly.com/flower-images/AMNESIA-026.jpg,Sativa,"Amnesia is a sativa marijuana strain made by crossing Cinderella 99, and Jack Herer. This strain produces effects that are uplifting, creative, euphoric and ideal for treating mood disorders. Growers should expect a 9-10 week flowering period with moderate yields. Amnesia normally has a high THC and low CBD profile and produces intense effects that new consumers should be wary of."
55,Black Jack,54,https://images.leafly.com/flower-images/black-jack.jpg,Hybrid,"Bred by Sweet Seeds, Black Jack is a cross of Black Domina and Jack Herer. This strain produces thick buds with huge calyxes that are completely encrusted with trichomes. It has a heavy and flavorful taste and it produces exceptionally long-lasting effects. Because of its high THC levels, Black Jack is popular among medical marijuana patients."
56,Super Skunk,52,https://images.leafly.com/flower-images/brHMDx6QQiAUzWW1QMxC_SUPER%20SKUNK-011-edited.jpg,Indica,"Super Sunk is an indica marijuana strain made by crossing Skunk #1 with Afghani. This strain produces bold, relaxing effects that you can feel through your entire body. Medical marijuana patients choose Super Skunk to help relieve symptoms associated with chronic stress and pain. Super Skunk is ideal for anyone who enjoys an extra skunky aroma."
57,NYC Diesel,90,https://images.leafly.com/flower-images/nyc-diesel.jpg,Hybrid,"NYC Diesel is a hybrid marijuana strain made by crossing Mexican and Afghani landraces. This strain leans to the sativa side and provides strong cerebral effects that ease into a deep, full-body relaxation over time. A pungent lime and grapefruit aroma is the mark of a high quality batch, like those that won this strain five Cannabis Cup trophies in the early 2000s. NYC Diesel’s happy, talkative qualities make this hybrid a good choice for social activities and many anxiety-prone consumers praise it for its paranoia-free effects."
58,Dutch Treat,53,https://images.leafly.com/flower-images/dutch-treat.jpg,Hybrid,"Dutch Treat is a hybrid marijuana strain made by crossing Northern Lights with Haze. This strain produces cerebral effects that will leave you feeling uplifted and euphoric while reducing stress and relaxing the mind. Dutch Treat features a flavor profile that smells like sweet fruits mixed with pine and eucalyptus trees. Growers say this strain has dense, sticky buds that are pungent. Medical marijuana patients choose Dutch Treat to help relieve symptoms associated with fatigue, pain, and PMS. This strain originates from Amsterdam and is a cultural staple among the coffee shops there."
59,Pink Lemonade,77,https://images.leafly.com/flower-images/PINK-LEMONADE-020-fixed.jpg,Hybrid,"Pink Lemonade is a hybrid marijuana strain made by crossing Lemon Skunk with Purple Kush. This strain produces calming effects that instantly puts the mind into a haze while radiating through the body. Pink Lemonade smells like fruity, mentholated tea and has flavors of lemon and grapefruit on the exhale. This strain is used by medical marijuana patients to treat symptoms related to focus, stress and depression. Growers say Pink Lemonade comes in small buds that are coated in a generous layer of trichomes atop jade foliage and bronze pistils."
60,The White,70,https://images.leafly.com/flower-images/DlI3zy6KSYyvONnipUnS_THE%20WHITE-330-edited.jpg,Hybrid,"The White is a potent hybrid marijuana strain known for having a distinct lack of odor or flavor. The White gives off a high that is usually described as providing equal body and head sensations. This mysterious strain—originally called “Triangle” and supposedly from somewhere in Florida—is aptly named. The White is covered with so many white trichomes that buds look like they were rolled in confectioner’s sugar. While it looks much like an OG in structure and certainly has the potency associated with the best OG Kush cuts, it has little of the smell or flavor found in those West Coast favorites. Those who do not enjoy the flavor and aroma of cannabis opt for this strain over more pungent varieties. Medical marijuana patients choose this strain to help relieve symptoms associated with insomnia."
61,MK Ultra,77,https://images.leafly.com/flower-images/MK-ULTRA-082.jpg,Indica,"MK Ultra is a potent indica marijuana strain made by crossing OG Kush with G13. This strain produces euphoric effects that are fast-acting and best for when strong medication is desired. MK Ultra is bred by T.H. Seeds and won 1st place Indica at the High Times Cannabis Cup in 2003 and 2nd place in 2004. This strain gets its name from the methods of mental manipulation employed by the CIA’s Project MKUltra. Indoor growing is facilitated by the plant’s short stature, and its above average yield delivers particularly sticky, dense, pungent flowers."
62,Orange Crush,89,https://images.leafly.com/flower-images/orange-crush.jpg,Hybrid,Orange Crush is a hybrid marijuana strain made by crossing California Orange and Blueberry. This strain produces powerful cerebral effects that are uplifting. Orange Crush offers a super sweet and tangy flavor profile. Growers say this strain has a flowering time of 7-9 weeks.
63,Lamb's Bread,94,https://images.leafly.com/flower-images/lambs-bread.png,Sativa,"Lamb's Bread is a sativa marijuana strain known to provide energetic and uplifting effects. Lamb's Bread, sometimes called Lamb's Breath, is a popular strain for medical marijuana patients looking to relieve symptoms associated with chronic stress and depression. This plant has origins in Jamaica and it is believed to have been one of Bob Marley's favorite strains. Growers say Lamb's Bread has bright green buds that are sticky and dense."
64,Jager,59,https://images.leafly.com/flower-images/jr.jpg,Indica,"Jager is an indica marijuana strain made by crossing LA Confidential and Blue Dream. This strain produces full-body effects that are relaxing but not sedating. Jager tastes and smells like black licorice. This strain was named after the dark acloholic beverage from Germany. Jager is sometimes called JR, or JGR."
65,Lemon Meringue,61,https://images.leafly.com/flower-images/lemon-meringue.jpg,Sativa,"Lemon Meringue by Exotic Genetix is a sweet, zestful cross of Lemon Skunk and Cookies and Cream. This pungent combo emits a variety of aromas including citrus, diesel, and nuttiness, but at the center of this bouquet is a tart slice of lemon meringue pie. Lemon Meringue offers uplifting mental effects and invigorating energy that encourages physical activity. This strain’s subtle motivational qualities and pleasant euphoria make it a go-to for folks combating fatigue, depression, and minor headaches.    "
66,Cannatonic,53,https://images.leafly.com/flower-images/cannatonic.png,Hybrid,"Cannatonic is a mostly CBD marijuana strain made by crossing MK Ultra and G13 Haze. This strain produces a relatively short-lived, mellow high that is also uplifting and powerfully relaxing. Medical marijuana patients choose Cannatonic to treat pain, muscle spasms, anxiety and migraines. This strain has a slightly earthy odor with a sweet citrus flavor."
67,Mango Haze,54,https://images.leafly.com/flower-images/zT6M2MASsyZK8U9tZ9JA_MANGO%20HAZE-251-edited.jpg,Sativa,"Mango Haze is a sativa marijuana strain made by crossing Northern Lights #5, Skunk, and Haze. Mango Haze produces uplifting and happy effects that will put you into a cerebral mood. This strain features a mango aroma and flavor that consumers love. Medical marijuana patients choose this strain to help relieve symptoms associated with depression. Growers say Mango Haze has a flowering time of 66 days."
68,Blueberry Cookies,71,https://images.leafly.com/flower-images/S1XM8RVTS1Ghpaeqc3jf_BLUEBERRY%20COOKIES-270-edited.jpg,Hybrid,"Blueberry Cookies is an indica-dominant hybrid created by crossing Blueberry Tahoe and Thin Mint GSC (f.k.a. Girl Scout Cookies). This strain’s unique flavor is a mixture of roasted nuts, mint, and fresh blueberries, while the bouquet provides an earthier, berry-forward aroma. Blueberry Cookies tends to hit the consumer in the body with mid-level sedative effects that are relaxing without being cumbersome. The mental state is often heady and creative, offering a distraction from stress. Blueberry Cookies is often recommended for consumers contending with chronic pain, inflammation, and depression. "
69,Kimbo Kush,88,https://images.leafly.com/flower-images/KIMBO-KUSH-030.jpg,Hybrid,"Kimbo Kush is a hybrid marijuana strain made by crossing Blackberry Kush with Starfighter. Kimbo Kush produces effects that are relaxing in small doses, sedating in larger doses. Because of its potency, Kimbo Kush is best enjoyed at the end of the day or before you head to bed. This strain is named after the late Kimbo Slice. Medial marijuana patients choose this strain to help relieve symptoms associated with insomnia. "
70,Goji OG,60,https://images.leafly.com/flower-images/GOJI-OG-112-2.jpg,Hybrid,"Goji OG is a sativa-dominant hybrid bred by Bodhi Seeds crossed between Nepali OG and Snow Lotus. The flavor is as unique as the berry it's named after, offering a dynamic aroma including red berry, black cherry, strawberry, hawaiian punch, and licorice. Indoor or outdoor grows offer high yields with a flowering time of around 9 weeks."
71,Pineapple Chunk,71,https://images.leafly.com/flower-images/Rk5G4CoTvy8oqv7zudgy_PINEAPPLE%20CHUNK-219-edited.jpg,Hybrid,"Pineapple Chunk is a hybrid marijuana strain made by crossing Cheese with Skunk #1 and Pineapple. Pineapple Chunk produces heavy, full-body effects accompanied by a buzzy head high. This strain features flavors that are tart, skunky, earthy and cheesy with undertones of pineapple. Medical marijuana patients choose Pineapple Chunk to help relieve symptoms associated with insomnia and anxiety. Growers say this strain is resistant to mold and disease. Pineapple Chunk has a flowering time of 55 days and is best grown indoors."
72,Strawberry Diesel,77,https://images.leafly.com/flower-images/STRAWBERRY-DIESEL-017.jpg,Hybrid,"This cross between NYC Diesel and Strawberry Cough is a true hybrid. Providing consumers with a well-balanced experience, Strawberry Diesel relaxes your muscles while creating an energizing, clear-headed sensation. If you’re looking for help with insomnia and would like to get things done, Strawberry Diesel may be your perfect match. Great for both daytime and nighttime use, this strain is incredibly versatile. Novice consumers should be cautious with it, however, as it is fast-acting and intense. Great for indoor growing, Strawberry Diesel tends to flower between 9 and 10 weeks. Taking after both of its parents, this strain also features a fruity scent while providing a thick, diesel-like taste."
73,Lavender,94,https://images.leafly.com/flower-images/LAVENDER-060.jpg,Indica,"Built from strains around the world, Lavender by Soma Seeds has its origins from Super Skunk, Big Skunk Korean and Afghani Hawaiian. This strain, sometimes referred to as Lavender Kush, has dense buds that give off a floral and spicy aroma. It has a dark purple coloration at the ends of its leaves."
74,Pink Champagne,55,https://images.leafly.com/flower-images/pink-champagne-fixed.jpg,Indica,"Pink Champagne goes by many names, including Wow Kush, Raspberry Kush, Phantom ( or Ken’s Phantom). Bred in the Bay area by Ken Estes, who crossed Ken’s Granddaddy Purple and Cherry Pie, this sedative beauty is not to be confused with Phantom Cookies. The buzz lands behind the eyes and emanates outwards, making this a suitable strain for patients suffering from migraines and physical discomfort. With notes of grape and berry, this strain imbues smokers with weighted eyes and a “couch lock” effect, making it a pre-sleep ripper useful for insomnia.  "
75,Sour Tsunami,54,https://images.leafly.com/flower-images/SOUR-TSUNAMI-121.jpg,Hybrid,"Sour Tsunami is a strain that became famous for being one of the first to be specifically bred for high CBD rather than THC content. The result is a strain that’s effective at treating pain and inflammation without producing a significant “high” that is linked to high THC. Lawrence Ringo of the Southern Humboldt Seed Collective bred this strain over four years of hard work by crossing Sour Diesel plants with NYC Diesel. This sativa-dominant hybrid flowers within 9 weeks, producing dense, dark green buds with dark green and purple-tinged leaves. The buds have a familiar musky diesel smell with sweet undertones."
76,Blueberry Cheesecake,62,https://images.leafly.com/flower-images/msT3hV3gTeKW9Kwrhtqn_BLUEBERRY%20CHEESECAKE-259-edited.jpg,Hybrid,"With a smell distinctly of blueberry cheesecake, this strain was bred from Blueberry and Cheese. Flowers are known to be lime green and dark violet in color with orange hairs and a large coat of crystals. "
77,Liberty Haze,100,https://images.leafly.com/flower-images/iAziwpkiQlmMoR4OE3kM_LIBERTY%20HAZE-240-edited.jpg,Hybrid,"Winner of the 2011 High Times Cannabis Cup, Liberty Haze quickly became popular for its fast flowering time and unique taste. Bred by Barner’s Farm, this cross between G13 and Chemdawg 91 matures as a medium-tall, bushy plant in 8-9 weeks. The buds are lime-green, heavy with crystals, and usually have plenty of red hairs. Consumers like this strain for its refreshing lime taste and its potency. This hybrid can offer uplifting cerebral effects, making it a popular choice for those treating depression and anxiety."
78,Raspberry Kush,61,https://images.leafly.com/flower-images/raspberry-kush-fixed.jpg,Indica,"Raspberry Kush is a great-tasting indica strain whose raspberries and cream aroma will keep you coming back for more. This strain may leave newer consumers feeling pretty lazy, but many find this Kush to be a creative flower, making it great for music, art, and talking with friends."
79,Cinex,73,https://images.leafly.com/flower-images/CINEX-077.jpg,Sativa,"Cinex, a hybrid of parents Cinderella 99 and Vortex, has a mixture of flavors ranging from sweet citrus to earthy skunk. The effects are clear-headed and uplifting, perfect for building a positive mindset and stimulating creative energy. Consumers enjoy Cinex for its ability to improve mood."
80,Blueberry Diesel,70,https://images.leafly.com/flower-images/BLUEBERRY-DIESEL-009.jpg,Hybrid,"Blueberry Diesel is a cross of two favorite strains, Blueberry and Sour Diesel. It is probably best known for its strong blueberry smell with hints of fuel from its Diesel lineage. Blueberry flavors overwhelm its sticky flowers, which should have plenty of trichomes and long orange hairs. Effects tend to be happy and relaxing but not too overwhelming, making this a popular choice for many kinds of consumers."
81,Snoop's Dream,92,https://images.leafly.com/flower-images/SNOOP'S-DREAMS-100.jpg,Hybrid,"Snoop Dogg is a hip-hop superstar who has quite a bit of fame in the cannabis community. Given his status, Snoop’s Dream is a strain that has a big name to live up to and this indica-dominant hybrid does not disappoint. Snoop’s Dream is a mix of Blue Dream and Master Kush, which are purportedly two of the rapper’s favorites. Looks-wise, these plants and flowers take after their Blue Dream parent with medium-sized dense buds covered in orange hairs. The taste is where the kush side of this strain shows itself. Sweet blueberry flavors are there with a pine aftertaste that takes over. This potent strain has strong effects that may make doing any focused task difficult. Head effects can also be strong, making this a choice that beginners might want to work up to. "
82,Black Cherry Pie,88,https://images.leafly.com/flower-images/black-cherry-pie.jpg,Hybrid,"Black Cherry Pie is a fruity strain with colorful foliage. Created by Green Mountain Collective, this strain is the genetic offspring of Blackberry Kush and Cherry Pie. These genetics are exhibited in the deep purple hues overlaid by jade green buds with orange hairs, as well as in the pungent woody aroma smeared with tart blackberry. Black Cherry Pie’s physical effects soothe nausea and minor aches and pains while keeping the mind aloof and creative. Its bright mind and semi-sedative effects make it a natural complement for indoor activities and relaxed evenings."
83,Kosher Tangie,62,https://images.leafly.com/flower-images/kosher-tangie.jpg,Hybrid,"Kosher Tangie, a 60/40 indica-dominant hybrid, combines two award-winning strains from DNA Genetics. Taking the musky pine aroma of Kosher Kush and crossing it with the sweet tangerine notes of Tangie, Kosher Tangie has complex palate of skunky citrus flavors. These genetics provide balanced effects that calm the body and lift your mood."
84,Cheese Quake,60,https://images.leafly.com/flower-images/6kKy0U4GSUSbCp5HyQpz_CHEESE%20QUAKE-318-edited.jpg,Hybrid,"Cheese Quake by Subcool's The Dank is a cross between Cheese and Querkle. A hint of grape is detectable, but its aroma is led by the funky sour aroma commonly associated with Cheese crosses. Expect to feel tingy invigoration followed by uplifting body sensations to help you feel relaxed and carefree."
85,Plushberry,72,https://images.leafly.com/flower-images/PLUSHBERRY-054.jpg,Indica,"Plushberry, a cross between Black Cherry Soda and Space Queen, is an indica-dominant strain bred by TGA Seeds. The Black Cherry Soda lends this strain an aromatic berry scent, while the Space Queen genetics promote heavy resin production. Plushberry induces a deep relaxation in the mind and body, with calming qualities that melt away stress. There are two main phenotypes of Plushberry: one that grows smaller, pink-tinted plants, and another with bulkier, more indica-like formations. Plushberry flowers in 55 to 65 days with medium to heavy yields. "
86,Primus,83,https://images.leafly.com/flower-images/primus.jpg,Indica,"Primus, also called Primus OG, is a complex indica strain that combines Arcata, Trainwreck, and 303 OG. Each parent strain passes on something special to Primus: Arcata with its creative activation, Trainwreck with its long-lasting euphoria, and 303 OG with its sour fruit flavors. This trifecta of duration, fragrance, and quality of high makes for a potent hybrid cherished by patients and recreational consumers alike."
87,Allen Wrench,77,https://images.leafly.com/flower-images/allen-wrench.jpg,Sativa,"A popular strain for sativa-lovers, Allen Wrench presents the best qualities of its parents, Trainwreck and NYC Diesel with crisp flavors of sour fruit. Its aroma has been characterized as sour and flowery, leaving a lingering scent of fruit. Allen Wrench is known to provide users with a long-lasting cerebral high and fill an entire room with its strong essence. The buds have a dark-green color and dark foliage with orange pistils growing out. Allen Wrench also has a 10-11 week flowering time and medium to medium-high THC content."
88,Lemon Garlic OG,85,https://images.leafly.com/flower-images/LEMON-GARLIC-OG-095.jpg,Hybrid,"Bred through years of selecting the most desirable cuts of True OG, Lemon Garlic OG is a hybrid from Humboldt Seed Organization. The aroma is a bit spicy with notes of garlic, citrus, and pine. Densely stacked buds are frosty lime green and produce heaps of trichomes, indicating good OG genetics. For anyone looking for the next evening strain, give Lemon Garlic OG a try."
89,Frankenstein,57,https://images.leafly.com/flower-images/frankenstein.jpg,Indica,"Frankenstein is an 80% indica strain whose parents are unknown. Its potency is a talking point among patients and veteran consumers alike, who cherish this indica’s ability to push past the ceiling of their tolerance."
90,Pineapple Super Silver Haze,59,https://images.leafly.com/flower-images/pineapple-super-silver-haze.jpg,Sativa,"Pineapple Super Silver Haze from Fire Bros. is a sativa strain that modifies the widely cherished Super Silver Haze with a Pineapple hybrid strain. This second parent is thought to be either Pineapple Express or Pineapple, a phenotype of Ed Rosenthal Super Bud. The Haze genetics in this strain come through in both flavor and effect, as Pineapple Super Silver Haze delivers a high-flying cerebral buzz alongside a spicy, zesty flavor. Its aroma is more of a tropical medley of candied mango, pineapple, and oranges. Like a cup of coffee, this sativa is a perfect pick-me-up with motivating, talkative, and creative effects and minimal heaviness in the body."
91,Dutch Treat Haze,63,https://images.leafly.com/flower-images/DUTCH-TREAT-HAZE-089.jpg,Hybrid,"Two superstars from the Dutch cannabis scene mingle together to rejuvenate genetics from decades passed into an intriguing hybrid that gained popularity in Colorado’s medical market for being both potent and flavorful. Dutch Treat Haze has a complex but undoubtable Haze aroma of pungent earthy tones from Super Silver Haze with the influence of Dutch Treat’s crisp, fruity, and floral flavors to create a captivating sativa-dominant hybrid. Its heady sativa effects are felt almost immediately with an energetic burst of creativity and sociability that uplift your mood and stimulate the appetite. "
92,Orange Skunk,73,https://images.leafly.com/flower-images/orange-skunk.jpg,Hybrid,"Orange Skunk is a clear-headed hybrid cross between Californian Orange and Skunk. With a smell that is as sweet as it is sour, Orange Skunk delivers strong physical sensations that creep into a steady cerebral invigoration. Its medical uses are diverse, but patients treating stress, anxiety, inflammation and headaches may benefit the most from this California hybrid. Novice growers delight in the simplicity of raising Orange Skunk plants, which flower in 8 to 10 weeks in indoor gardens."
93,Green Queen,73,https://images.leafly.com/flower-images/green-queen.jpg,Hybrid,"Green Queen was bred by JB Dank Nugs and is the hybrid cross of Green Crack and Space Queen. Each of these strains has exceptional standalone effects, but when combined, their speedy and heady elements work in concert to create a strain greater than the sum of its parts. Green Queen’s aroma is skunky and subtly sweet, with hints of citrus and pepper on the finish. The effects are cerebral and euphoric without being overstimulating, though expect a notable boost of physical and mental energy. This bud is deep green with bright orange pistils."
94,Alien Walker,55,https://images.leafly.com/flower-images/alien-walker.jpg,Hybrid,"Alien Walker, a cross between Albert Walker and Tahoe Alien, was the Hybrid winner of the 2013 Seattle High Times Cannabis Cup. Bred by Alien Genetics, Alien Walker is a fast-growing plant with a short vegetative cycle, but produces large yields of frost-covered buds as hairy as fictitious space bears. Pungent fruity notes of tangerine and lemon introduce Alien Walker’s strong cerebrally-focused effects that promote relaxation and stress relief. The full-body sedation to follow makes this strain a viable option for treatment of pain and insomnia as well. "
95,Very Berry Haze,57,https://images.leafly.com/flower-images/very-berry-haze.jpg,Sativa,"This 100% sativa strain was first created by the breeders at Apothecary Genetics as a combination of the popular sativas Strawberry Cough and Super Silver Haze. They are best grown indoors or in warm climates and plants flour at about 10 weeks. These plants will grow fast and tall and usually produce a large number of flowers. The Very Berry part of the name is apparent in its smell and fruity aftertaste, which lingers on the tongue. It’s a sativa that’s perfect for an active mind and body feeling."
96,Monkey Thunder,53,https://images.leafly.com/flower-images/monkey-thunder.jpg,Hybrid,"Monkey Thunder is a fun and fruity strain with energizing qualities. Created by Phantom Farms of Oregon, Monkey Thunder is a cross of a Lemon Pineapple x Maui Wowie Tropic Thunder hybrid and Monkey Face. Monkey Thunder’s first cross emphasizes the fruity, tropical terpenes, giving the plant notes of pineapple and citrus peel, while the addition of Monkey Face helped stabilize the morphology and flowering time of the plant. Monkey Thunder has a snappy 50-day flowering cycle and has been known to reach about 8 feet tall. "
97,City of God,50,https://images.leafly.com/flower-images/city-of-god.jpg,Hybrid,"City of God is a heavier hybrid with functional and relaxing effects. Created by crossing NYC Diesel and God Bud, City of God offers consumers an alert mental state and comfortable physical sedation. This strain gets a little heavy-handed in larger doses, saddling the consumer with appetite stimulation and lethargy. Its pungent aroma is a mixture of the strain’s parents, offering notes of sweet earth and fuel. City of God performs at its best when consumed in nature, and also plays well in social settings.   "
98,White CBG,62,https://images.leafly.com/flower-images/Kn55a7RPeQfB8yxYHVcQ_white%20cbg%202.jpg,Hybrid,"White CBG is a mostly CBG (cannabigerol) marijuana strain bred by Oregon CBD. We're still learning about the flavors and effects of White CBG -  If you've smoked, dabbed, or consumed this strain before, tell us about your experience by leaving a review."